title,source,date
Crimea bridge reopens after Ukraine says it carried out underwater explosion,BBC,2025-06-04
Russia and Ukraine fail again to agree ceasefire but commit to prisoner swap,BBC,2025-06-04
Ukraine's audacious drone attack sends critical message to Russia - and the West,BBC,2025-06-04
Silent acts of resistance and fear under Russian occupation in Ukraine,BBC,2025-06-04
Russia and Ukraine fail again to agree ceasefire but commit to prisoner swap,BBC,2025-06-04
How Ukraine carried out daring 'Spider Web' attack on Russian bombers,BBC,2025-06-04
Ukraine drones strike bombers during major attack in Russia,BBC,2025-06-04
How the West is helping Russia to fund its war on Ukraine,BBC,2025-06-04
The terrifying new weapon changing the war in Ukraine,BBC,2025-06-04
Hectic two weeks leaves Russia confident - and peace in Ukraine feeling no closer,BBC,2025-06-04
Watch: BBC team flees drone attack in Ukraine,BBC,2025-06-04
Beginning of the end? Ukraine's front-line soldiers eye Russia talks with hope,BBC,2025-06-04
Ukraine in maps: Tracking the war with Russia,BBC,2025-06-04
"Ukraine's 'chaotic' withdrawal from Russia, in its soldiers' words",BBC,2025-06-04
"Peace talks are in parallel universe, say Ukraine front-line troops",BBC,2025-06-04
Ukraine says it hit Crimea bridge with underwater explosives,BBC,2025-06-04
Russia and Ukraine fail again to agree ceasefire but commit to prisoner swap,BBC,2025-06-04
How Ukraine carried out daring 'Spider Web' attack on Russian bombers,BBC,2025-06-04
Ukraine drones strike bombers during major attack in Russia,BBC,2025-06-04
Ukraine's audacious drone attack sends critical message to Russia - and the West,BBC,2025-06-04
